{"cameraMode":{"drawMode":0,"name":"Shaded","section":"Shading Mode"},"sceneLighting":true,"audioPlay":false,"sceneViewState":{"m_AlwaysRefresh":false,"showFog":true,"showSkybox":true,"showFlares":true,"showImageEffects":true,"showParticleSystems":true,"showVisualEffectGraphs":true,"m_FxEnabled":true},"in2DMode":false,"pivot":{"x":19.918537139892579,"y":-7.873971939086914,"z":3.2564048767089845},"rotation":{"x":-0.28322088718414309,"y":-0.4811016023159027,"z":0.16769595444202424,"w":-0.8125293254852295},"size":18.480592727661134,"orthographic":false}