{"cameraMode":{"drawMode":0,"name":"Shaded","section":"Shading Mode"},"sceneLighting":true,"audioPlay":false,"sceneViewState":{"m_AlwaysRefresh":false,"showFog":true,"showSkybox":true,"showFlares":true,"showImageEffects":true,"showParticleSystems":true,"showVisualEffectGraphs":true,"m_FxEnabled":true},"in2DMode":false,"pivot":{"x":24.866451263427736,"y":-0.4119434356689453,"z":-15.822419166564942},"rotation":{"x":-0.28322088718414309,"y":-0.4811016023159027,"z":0.16769595444202424,"w":-0.8125293254852295},"size":20.681217193603517,"orthographic":false}