{"cameraMode":{"drawMode":0,"name":"Shaded","section":"Shading Mode"},"sceneLighting":false,"audioPlay":false,"sceneViewState":{"m_AlwaysRefresh":false,"showFog":true,"showSkybox":false,"showFlares":true,"showImageEffects":true,"showParticleSystems":true,"showVisualEffectGraphs":true,"m_FxEnabled":true},"in2DMode":false,"pivot":{"x":6.138035297393799,"y":0.9221280217170715,"z":-0.6611423492431641},"rotation":{"x":0.1641988903284073,"y":-0.025150809437036516,"z":0.004187963902950287,"w":0.9860970377922058},"size":6.117302894592285,"orthographic":false}